Concept,Description,text
Booking a Movie Ticket,"You are sitting comfortably on your couch, browsing through a sleek movie ticket booking app on your smartphone...","###Human:
generate a midjourney prompt for 0               Booking a Movie Ticket
1              Cinema Lobby Experience
2                 Cinema Hall Ambiance
3                  Outdoor Movie Night
4     Virtual Reality Movie Experience
5              Movie Streaming at Home
6            Film Festival Exploration
7                Vintage Movie Theater
8                Sci-Fi Movie Marathon
9                   Family Movie Night
10                Solo Movie Adventure
11              Art House Cinema Visit
12         Animated Movie Extravaganza
13                Thriller Movie Night
14             Classic Hollywood Films
15                 Romantic Movie Date
16           Movie Premiere Excitement
17    Movie Director Behind the Scenes
18         Movie Ticket Giveaway Event
19          Film Critic Review Session
20       Behind the Scenes Documentary
21             Musical Movie Spectacle
22               Historical Epic Movie
23         Summer Blockbuster Premiere
Name: Concept, dtype: object

###Assistant:
0     You are sitting comfortably on your couch, bro...
1     Upon arriving at the cinema, you are greeted b...
2     Stepping into the cinema hall, you are envelop...
3     Underneath a starry night sky, you unfold your...
4     Immerse yourself in a virtual reality movie ex...
5     Settling into your favorite spot on the sofa, ...
6     Embark on a cinematic adventure at a film fest...
7     Transport yourself to a bygone era as you step...
8     Embark on a sci-fi movie marathon, where futur...
9     Gather the family for a cozy movie night, comp...
10    Embark on a solo movie adventure, selecting a ...
11    Explore the artistic charm of an art house cin...
12    Dive into an animated movie extravaganza, fill...
13    Prepare for an evening of suspense and excitem...
14    Indulge in the timeless charm of classic Holly...
15    Plan a romantic movie date night, complete wit...
16    Feel the excitement of attending a movie premi...
17    Get a glimpse behind the scenes as a movie dir...
18    Join a movie ticket giveaway event, where luck...
19    Participate in a film critic review session, d...
20    Experience the making of a movie with a behind...
21    Immerse yourself in a musical movie spectacle,...
22    Embark on a journey through a historical epic ...
23    Celebrate the arrival of summer with a blockbu...
Name: Description, dtype: object"
Cinema Lobby Experience,"Upon arriving at the cinema, you are greeted by a vibrant lobby filled with the aroma of buttered popcorn...","###Human:
generate a midjourney prompt for 0               Booking a Movie Ticket
1              Cinema Lobby Experience
2                 Cinema Hall Ambiance
3                  Outdoor Movie Night
4     Virtual Reality Movie Experience
5              Movie Streaming at Home
6            Film Festival Exploration
7                Vintage Movie Theater
8                Sci-Fi Movie Marathon
9                   Family Movie Night
10                Solo Movie Adventure
11              Art House Cinema Visit
12         Animated Movie Extravaganza
13                Thriller Movie Night
14             Classic Hollywood Films
15                 Romantic Movie Date
16           Movie Premiere Excitement
17    Movie Director Behind the Scenes
18         Movie Ticket Giveaway Event
19          Film Critic Review Session
20       Behind the Scenes Documentary
21             Musical Movie Spectacle
22               Historical Epic Movie
23         Summer Blockbuster Premiere
Name: Concept, dtype: object

###Assistant:
0     You are sitting comfortably on your couch, bro...
1     Upon arriving at the cinema, you are greeted b...
2     Stepping into the cinema hall, you are envelop...
3     Underneath a starry night sky, you unfold your...
4     Immerse yourself in a virtual reality movie ex...
5     Settling into your favorite spot on the sofa, ...
6     Embark on a cinematic adventure at a film fest...
7     Transport yourself to a bygone era as you step...
8     Embark on a sci-fi movie marathon, where futur...
9     Gather the family for a cozy movie night, comp...
10    Embark on a solo movie adventure, selecting a ...
11    Explore the artistic charm of an art house cin...
12    Dive into an animated movie extravaganza, fill...
13    Prepare for an evening of suspense and excitem...
14    Indulge in the timeless charm of classic Holly...
15    Plan a romantic movie date night, complete wit...
16    Feel the excitement of attending a movie premi...
17    Get a glimpse behind the scenes as a movie dir...
18    Join a movie ticket giveaway event, where luck...
19    Participate in a film critic review session, d...
20    Experience the making of a movie with a behind...
21    Immerse yourself in a musical movie spectacle,...
22    Embark on a journey through a historical epic ...
23    Celebrate the arrival of summer with a blockbu...
Name: Description, dtype: object"
Cinema Hall Ambiance,"Stepping into the cinema hall, you are enveloped in a cocoon of dimmed lights and the soft rustle of fellow moviegoers...","###Human:
generate a midjourney prompt for 0               Booking a Movie Ticket
1              Cinema Lobby Experience
2                 Cinema Hall Ambiance
3                  Outdoor Movie Night
4     Virtual Reality Movie Experience
5              Movie Streaming at Home
6            Film Festival Exploration
7                Vintage Movie Theater
8                Sci-Fi Movie Marathon
9                   Family Movie Night
10                Solo Movie Adventure
11              Art House Cinema Visit
12         Animated Movie Extravaganza
13                Thriller Movie Night
14             Classic Hollywood Films
15                 Romantic Movie Date
16           Movie Premiere Excitement
17    Movie Director Behind the Scenes
18         Movie Ticket Giveaway Event
19          Film Critic Review Session
20       Behind the Scenes Documentary
21             Musical Movie Spectacle
22               Historical Epic Movie
23         Summer Blockbuster Premiere
Name: Concept, dtype: object

###Assistant:
0     You are sitting comfortably on your couch, bro...
1     Upon arriving at the cinema, you are greeted b...
2     Stepping into the cinema hall, you are envelop...
3     Underneath a starry night sky, you unfold your...
4     Immerse yourself in a virtual reality movie ex...
5     Settling into your favorite spot on the sofa, ...
6     Embark on a cinematic adventure at a film fest...
7     Transport yourself to a bygone era as you step...
8     Embark on a sci-fi movie marathon, where futur...
9     Gather the family for a cozy movie night, comp...
10    Embark on a solo movie adventure, selecting a ...
11    Explore the artistic charm of an art house cin...
12    Dive into an animated movie extravaganza, fill...
13    Prepare for an evening of suspense and excitem...
14    Indulge in the timeless charm of classic Holly...
15    Plan a romantic movie date night, complete wit...
16    Feel the excitement of attending a movie premi...
17    Get a glimpse behind the scenes as a movie dir...
18    Join a movie ticket giveaway event, where luck...
19    Participate in a film critic review session, d...
20    Experience the making of a movie with a behind...
21    Immerse yourself in a musical movie spectacle,...
22    Embark on a journey through a historical epic ...
23    Celebrate the arrival of summer with a blockbu...
Name: Description, dtype: object"
Outdoor Movie Night,"Underneath a starry night sky, you unfold your camping chair at an outdoor movie night event in the community park...","###Human:
generate a midjourney prompt for 0               Booking a Movie Ticket
1              Cinema Lobby Experience
2                 Cinema Hall Ambiance
3                  Outdoor Movie Night
4     Virtual Reality Movie Experience
5              Movie Streaming at Home
6            Film Festival Exploration
7                Vintage Movie Theater
8                Sci-Fi Movie Marathon
9                   Family Movie Night
10                Solo Movie Adventure
11              Art House Cinema Visit
12         Animated Movie Extravaganza
13                Thriller Movie Night
14             Classic Hollywood Films
15                 Romantic Movie Date
16           Movie Premiere Excitement
17    Movie Director Behind the Scenes
18         Movie Ticket Giveaway Event
19          Film Critic Review Session
20       Behind the Scenes Documentary
21             Musical Movie Spectacle
22               Historical Epic Movie
23         Summer Blockbuster Premiere
Name: Concept, dtype: object

###Assistant:
0     You are sitting comfortably on your couch, bro...
1     Upon arriving at the cinema, you are greeted b...
2     Stepping into the cinema hall, you are envelop...
3     Underneath a starry night sky, you unfold your...
4     Immerse yourself in a virtual reality movie ex...
5     Settling into your favorite spot on the sofa, ...
6     Embark on a cinematic adventure at a film fest...
7     Transport yourself to a bygone era as you step...
8     Embark on a sci-fi movie marathon, where futur...
9     Gather the family for a cozy movie night, comp...
10    Embark on a solo movie adventure, selecting a ...
11    Explore the artistic charm of an art house cin...
12    Dive into an animated movie extravaganza, fill...
13    Prepare for an evening of suspense and excitem...
14    Indulge in the timeless charm of classic Holly...
15    Plan a romantic movie date night, complete wit...
16    Feel the excitement of attending a movie premi...
17    Get a glimpse behind the scenes as a movie dir...
18    Join a movie ticket giveaway event, where luck...
19    Participate in a film critic review session, d...
20    Experience the making of a movie with a behind...
21    Immerse yourself in a musical movie spectacle,...
22    Embark on a journey through a historical epic ...
23    Celebrate the arrival of summer with a blockbu...
Name: Description, dtype: object"
Virtual Reality Movie Experience,"Immerse yourself in a virtual reality movie experience, where you become part of the cinematic world...","###Human:
generate a midjourney prompt for 0               Booking a Movie Ticket
1              Cinema Lobby Experience
2                 Cinema Hall Ambiance
3                  Outdoor Movie Night
4     Virtual Reality Movie Experience
5              Movie Streaming at Home
6            Film Festival Exploration
7                Vintage Movie Theater
8                Sci-Fi Movie Marathon
9                   Family Movie Night
10                Solo Movie Adventure
11              Art House Cinema Visit
12         Animated Movie Extravaganza
13                Thriller Movie Night
14             Classic Hollywood Films
15                 Romantic Movie Date
16           Movie Premiere Excitement
17    Movie Director Behind the Scenes
18         Movie Ticket Giveaway Event
19          Film Critic Review Session
20       Behind the Scenes Documentary
21             Musical Movie Spectacle
22               Historical Epic Movie
23         Summer Blockbuster Premiere
Name: Concept, dtype: object

###Assistant:
0     You are sitting comfortably on your couch, bro...
1     Upon arriving at the cinema, you are greeted b...
2     Stepping into the cinema hall, you are envelop...
3     Underneath a starry night sky, you unfold your...
4     Immerse yourself in a virtual reality movie ex...
5     Settling into your favorite spot on the sofa, ...
6     Embark on a cinematic adventure at a film fest...
7     Transport yourself to a bygone era as you step...
8     Embark on a sci-fi movie marathon, where futur...
9     Gather the family for a cozy movie night, comp...
10    Embark on a solo movie adventure, selecting a ...
11    Explore the artistic charm of an art house cin...
12    Dive into an animated movie extravaganza, fill...
13    Prepare for an evening of suspense and excitem...
14    Indulge in the timeless charm of classic Holly...
15    Plan a romantic movie date night, complete wit...
16    Feel the excitement of attending a movie premi...
17    Get a glimpse behind the scenes as a movie dir...
18    Join a movie ticket giveaway event, where luck...
19    Participate in a film critic review session, d...
20    Experience the making of a movie with a behind...
21    Immerse yourself in a musical movie spectacle,...
22    Embark on a journey through a historical epic ...
23    Celebrate the arrival of summer with a blockbu...
Name: Description, dtype: object"
Movie Streaming at Home,"Settling into your favorite spot on the sofa, you navigate through a user-friendly movie streaming platform on your smart TV...","###Human:
generate a midjourney prompt for 0               Booking a Movie Ticket
1              Cinema Lobby Experience
2                 Cinema Hall Ambiance
3                  Outdoor Movie Night
4     Virtual Reality Movie Experience
5              Movie Streaming at Home
6            Film Festival Exploration
7                Vintage Movie Theater
8                Sci-Fi Movie Marathon
9                   Family Movie Night
10                Solo Movie Adventure
11              Art House Cinema Visit
12         Animated Movie Extravaganza
13                Thriller Movie Night
14             Classic Hollywood Films
15                 Romantic Movie Date
16           Movie Premiere Excitement
17    Movie Director Behind the Scenes
18         Movie Ticket Giveaway Event
19          Film Critic Review Session
20       Behind the Scenes Documentary
21             Musical Movie Spectacle
22               Historical Epic Movie
23         Summer Blockbuster Premiere
Name: Concept, dtype: object

###Assistant:
0     You are sitting comfortably on your couch, bro...
1     Upon arriving at the cinema, you are greeted b...
2     Stepping into the cinema hall, you are envelop...
3     Underneath a starry night sky, you unfold your...
4     Immerse yourself in a virtual reality movie ex...
5     Settling into your favorite spot on the sofa, ...
6     Embark on a cinematic adventure at a film fest...
7     Transport yourself to a bygone era as you step...
8     Embark on a sci-fi movie marathon, where futur...
9     Gather the family for a cozy movie night, comp...
10    Embark on a solo movie adventure, selecting a ...
11    Explore the artistic charm of an art house cin...
12    Dive into an animated movie extravaganza, fill...
13    Prepare for an evening of suspense and excitem...
14    Indulge in the timeless charm of classic Holly...
15    Plan a romantic movie date night, complete wit...
16    Feel the excitement of attending a movie premi...
17    Get a glimpse behind the scenes as a movie dir...
18    Join a movie ticket giveaway event, where luck...
19    Participate in a film critic review session, d...
20    Experience the making of a movie with a behind...
21    Immerse yourself in a musical movie spectacle,...
22    Embark on a journey through a historical epic ...
23    Celebrate the arrival of summer with a blockbu...
Name: Description, dtype: object"
Film Festival Exploration,"Embark on a cinematic adventure at a film festival, where a diverse selection of films awaits your exploration...","###Human:
generate a midjourney prompt for 0               Booking a Movie Ticket
1              Cinema Lobby Experience
2                 Cinema Hall Ambiance
3                  Outdoor Movie Night
4     Virtual Reality Movie Experience
5              Movie Streaming at Home
6            Film Festival Exploration
7                Vintage Movie Theater
8                Sci-Fi Movie Marathon
9                   Family Movie Night
10                Solo Movie Adventure
11              Art House Cinema Visit
12         Animated Movie Extravaganza
13                Thriller Movie Night
14             Classic Hollywood Films
15                 Romantic Movie Date
16           Movie Premiere Excitement
17    Movie Director Behind the Scenes
18         Movie Ticket Giveaway Event
19          Film Critic Review Session
20       Behind the Scenes Documentary
21             Musical Movie Spectacle
22               Historical Epic Movie
23         Summer Blockbuster Premiere
Name: Concept, dtype: object

###Assistant:
0     You are sitting comfortably on your couch, bro...
1     Upon arriving at the cinema, you are greeted b...
2     Stepping into the cinema hall, you are envelop...
3     Underneath a starry night sky, you unfold your...
4     Immerse yourself in a virtual reality movie ex...
5     Settling into your favorite spot on the sofa, ...
6     Embark on a cinematic adventure at a film fest...
7     Transport yourself to a bygone era as you step...
8     Embark on a sci-fi movie marathon, where futur...
9     Gather the family for a cozy movie night, comp...
10    Embark on a solo movie adventure, selecting a ...
11    Explore the artistic charm of an art house cin...
12    Dive into an animated movie extravaganza, fill...
13    Prepare for an evening of suspense and excitem...
14    Indulge in the timeless charm of classic Holly...
15    Plan a romantic movie date night, complete wit...
16    Feel the excitement of attending a movie premi...
17    Get a glimpse behind the scenes as a movie dir...
18    Join a movie ticket giveaway event, where luck...
19    Participate in a film critic review session, d...
20    Experience the making of a movie with a behind...
21    Immerse yourself in a musical movie spectacle,...
22    Embark on a journey through a historical epic ...
23    Celebrate the arrival of summer with a blockbu...
Name: Description, dtype: object"
Vintage Movie Theater,Transport yourself to a bygone era as you step into a vintage movie theater with its classic architecture and red velvet seats...,"###Human:
generate a midjourney prompt for 0               Booking a Movie Ticket
1              Cinema Lobby Experience
2                 Cinema Hall Ambiance
3                  Outdoor Movie Night
4     Virtual Reality Movie Experience
5              Movie Streaming at Home
6            Film Festival Exploration
7                Vintage Movie Theater
8                Sci-Fi Movie Marathon
9                   Family Movie Night
10                Solo Movie Adventure
11              Art House Cinema Visit
12         Animated Movie Extravaganza
13                Thriller Movie Night
14             Classic Hollywood Films
15                 Romantic Movie Date
16           Movie Premiere Excitement
17    Movie Director Behind the Scenes
18         Movie Ticket Giveaway Event
19          Film Critic Review Session
20       Behind the Scenes Documentary
21             Musical Movie Spectacle
22               Historical Epic Movie
23         Summer Blockbuster Premiere
Name: Concept, dtype: object

###Assistant:
0     You are sitting comfortably on your couch, bro...
1     Upon arriving at the cinema, you are greeted b...
2     Stepping into the cinema hall, you are envelop...
3     Underneath a starry night sky, you unfold your...
4     Immerse yourself in a virtual reality movie ex...
5     Settling into your favorite spot on the sofa, ...
6     Embark on a cinematic adventure at a film fest...
7     Transport yourself to a bygone era as you step...
8     Embark on a sci-fi movie marathon, where futur...
9     Gather the family for a cozy movie night, comp...
10    Embark on a solo movie adventure, selecting a ...
11    Explore the artistic charm of an art house cin...
12    Dive into an animated movie extravaganza, fill...
13    Prepare for an evening of suspense and excitem...
14    Indulge in the timeless charm of classic Holly...
15    Plan a romantic movie date night, complete wit...
16    Feel the excitement of attending a movie premi...
17    Get a glimpse behind the scenes as a movie dir...
18    Join a movie ticket giveaway event, where luck...
19    Participate in a film critic review session, d...
20    Experience the making of a movie with a behind...
21    Immerse yourself in a musical movie spectacle,...
22    Embark on a journey through a historical epic ...
23    Celebrate the arrival of summer with a blockbu...
Name: Description, dtype: object"
Sci-Fi Movie Marathon,"Embark on a sci-fi movie marathon, where futuristic worlds and technological wonders unfold on the screen...","###Human:
generate a midjourney prompt for 0               Booking a Movie Ticket
1              Cinema Lobby Experience
2                 Cinema Hall Ambiance
3                  Outdoor Movie Night
4     Virtual Reality Movie Experience
5              Movie Streaming at Home
6            Film Festival Exploration
7                Vintage Movie Theater
8                Sci-Fi Movie Marathon
9                   Family Movie Night
10                Solo Movie Adventure
11              Art House Cinema Visit
12         Animated Movie Extravaganza
13                Thriller Movie Night
14             Classic Hollywood Films
15                 Romantic Movie Date
16           Movie Premiere Excitement
17    Movie Director Behind the Scenes
18         Movie Ticket Giveaway Event
19          Film Critic Review Session
20       Behind the Scenes Documentary
21             Musical Movie Spectacle
22               Historical Epic Movie
23         Summer Blockbuster Premiere
Name: Concept, dtype: object

###Assistant:
0     You are sitting comfortably on your couch, bro...
1     Upon arriving at the cinema, you are greeted b...
2     Stepping into the cinema hall, you are envelop...
3     Underneath a starry night sky, you unfold your...
4     Immerse yourself in a virtual reality movie ex...
5     Settling into your favorite spot on the sofa, ...
6     Embark on a cinematic adventure at a film fest...
7     Transport yourself to a bygone era as you step...
8     Embark on a sci-fi movie marathon, where futur...
9     Gather the family for a cozy movie night, comp...
10    Embark on a solo movie adventure, selecting a ...
11    Explore the artistic charm of an art house cin...
12    Dive into an animated movie extravaganza, fill...
13    Prepare for an evening of suspense and excitem...
14    Indulge in the timeless charm of classic Holly...
15    Plan a romantic movie date night, complete wit...
16    Feel the excitement of attending a movie premi...
17    Get a glimpse behind the scenes as a movie dir...
18    Join a movie ticket giveaway event, where luck...
19    Participate in a film critic review session, d...
20    Experience the making of a movie with a behind...
21    Immerse yourself in a musical movie spectacle,...
22    Embark on a journey through a historical epic ...
23    Celebrate the arrival of summer with a blockbu...
Name: Description, dtype: object"
Family Movie Night,"Gather the family for a cozy movie night, complete with blankets, pillows, and a selection of favorite films...","###Human:
generate a midjourney prompt for 0               Booking a Movie Ticket
1              Cinema Lobby Experience
2                 Cinema Hall Ambiance
3                  Outdoor Movie Night
4     Virtual Reality Movie Experience
5              Movie Streaming at Home
6            Film Festival Exploration
7                Vintage Movie Theater
8                Sci-Fi Movie Marathon
9                   Family Movie Night
10                Solo Movie Adventure
11              Art House Cinema Visit
12         Animated Movie Extravaganza
13                Thriller Movie Night
14             Classic Hollywood Films
15                 Romantic Movie Date
16           Movie Premiere Excitement
17    Movie Director Behind the Scenes
18         Movie Ticket Giveaway Event
19          Film Critic Review Session
20       Behind the Scenes Documentary
21             Musical Movie Spectacle
22               Historical Epic Movie
23         Summer Blockbuster Premiere
Name: Concept, dtype: object

###Assistant:
0     You are sitting comfortably on your couch, bro...
1     Upon arriving at the cinema, you are greeted b...
2     Stepping into the cinema hall, you are envelop...
3     Underneath a starry night sky, you unfold your...
4     Immerse yourself in a virtual reality movie ex...
5     Settling into your favorite spot on the sofa, ...
6     Embark on a cinematic adventure at a film fest...
7     Transport yourself to a bygone era as you step...
8     Embark on a sci-fi movie marathon, where futur...
9     Gather the family for a cozy movie night, comp...
10    Embark on a solo movie adventure, selecting a ...
11    Explore the artistic charm of an art house cin...
12    Dive into an animated movie extravaganza, fill...
13    Prepare for an evening of suspense and excitem...
14    Indulge in the timeless charm of classic Holly...
15    Plan a romantic movie date night, complete wit...
16    Feel the excitement of attending a movie premi...
17    Get a glimpse behind the scenes as a movie dir...
18    Join a movie ticket giveaway event, where luck...
19    Participate in a film critic review session, d...
20    Experience the making of a movie with a behind...
21    Immerse yourself in a musical movie spectacle,...
22    Embark on a journey through a historical epic ...
23    Celebrate the arrival of summer with a blockbu...
Name: Description, dtype: object"
Solo Movie Adventure,"Embark on a solo movie adventure, selecting a film that resonates with your current mood and preferences...","###Human:
generate a midjourney prompt for 0               Booking a Movie Ticket
1              Cinema Lobby Experience
2                 Cinema Hall Ambiance
3                  Outdoor Movie Night
4     Virtual Reality Movie Experience
5              Movie Streaming at Home
6            Film Festival Exploration
7                Vintage Movie Theater
8                Sci-Fi Movie Marathon
9                   Family Movie Night
10                Solo Movie Adventure
11              Art House Cinema Visit
12         Animated Movie Extravaganza
13                Thriller Movie Night
14             Classic Hollywood Films
15                 Romantic Movie Date
16           Movie Premiere Excitement
17    Movie Director Behind the Scenes
18         Movie Ticket Giveaway Event
19          Film Critic Review Session
20       Behind the Scenes Documentary
21             Musical Movie Spectacle
22               Historical Epic Movie
23         Summer Blockbuster Premiere
Name: Concept, dtype: object

###Assistant:
0     You are sitting comfortably on your couch, bro...
1     Upon arriving at the cinema, you are greeted b...
2     Stepping into the cinema hall, you are envelop...
3     Underneath a starry night sky, you unfold your...
4     Immerse yourself in a virtual reality movie ex...
5     Settling into your favorite spot on the sofa, ...
6     Embark on a cinematic adventure at a film fest...
7     Transport yourself to a bygone era as you step...
8     Embark on a sci-fi movie marathon, where futur...
9     Gather the family for a cozy movie night, comp...
10    Embark on a solo movie adventure, selecting a ...
11    Explore the artistic charm of an art house cin...
12    Dive into an animated movie extravaganza, fill...
13    Prepare for an evening of suspense and excitem...
14    Indulge in the timeless charm of classic Holly...
15    Plan a romantic movie date night, complete wit...
16    Feel the excitement of attending a movie premi...
17    Get a glimpse behind the scenes as a movie dir...
18    Join a movie ticket giveaway event, where luck...
19    Participate in a film critic review session, d...
20    Experience the making of a movie with a behind...
21    Immerse yourself in a musical movie spectacle,...
22    Embark on a journey through a historical epic ...
23    Celebrate the arrival of summer with a blockbu...
Name: Description, dtype: object"
Art House Cinema Visit,"Explore the artistic charm of an art house cinema, where independent and thought-provoking films take center stage...","###Human:
generate a midjourney prompt for 0               Booking a Movie Ticket
1              Cinema Lobby Experience
2                 Cinema Hall Ambiance
3                  Outdoor Movie Night
4     Virtual Reality Movie Experience
5              Movie Streaming at Home
6            Film Festival Exploration
7                Vintage Movie Theater
8                Sci-Fi Movie Marathon
9                   Family Movie Night
10                Solo Movie Adventure
11              Art House Cinema Visit
12         Animated Movie Extravaganza
13                Thriller Movie Night
14             Classic Hollywood Films
15                 Romantic Movie Date
16           Movie Premiere Excitement
17    Movie Director Behind the Scenes
18         Movie Ticket Giveaway Event
19          Film Critic Review Session
20       Behind the Scenes Documentary
21             Musical Movie Spectacle
22               Historical Epic Movie
23         Summer Blockbuster Premiere
Name: Concept, dtype: object

###Assistant:
0     You are sitting comfortably on your couch, bro...
1     Upon arriving at the cinema, you are greeted b...
2     Stepping into the cinema hall, you are envelop...
3     Underneath a starry night sky, you unfold your...
4     Immerse yourself in a virtual reality movie ex...
5     Settling into your favorite spot on the sofa, ...
6     Embark on a cinematic adventure at a film fest...
7     Transport yourself to a bygone era as you step...
8     Embark on a sci-fi movie marathon, where futur...
9     Gather the family for a cozy movie night, comp...
10    Embark on a solo movie adventure, selecting a ...
11    Explore the artistic charm of an art house cin...
12    Dive into an animated movie extravaganza, fill...
13    Prepare for an evening of suspense and excitem...
14    Indulge in the timeless charm of classic Holly...
15    Plan a romantic movie date night, complete wit...
16    Feel the excitement of attending a movie premi...
17    Get a glimpse behind the scenes as a movie dir...
18    Join a movie ticket giveaway event, where luck...
19    Participate in a film critic review session, d...
20    Experience the making of a movie with a behind...
21    Immerse yourself in a musical movie spectacle,...
22    Embark on a journey through a historical epic ...
23    Celebrate the arrival of summer with a blockbu...
Name: Description, dtype: object"
Animated Movie Extravaganza,"Dive into an animated movie extravaganza, filled with colorful characters and heartwarming storytelling...","###Human:
generate a midjourney prompt for 0               Booking a Movie Ticket
1              Cinema Lobby Experience
2                 Cinema Hall Ambiance
3                  Outdoor Movie Night
4     Virtual Reality Movie Experience
5              Movie Streaming at Home
6            Film Festival Exploration
7                Vintage Movie Theater
8                Sci-Fi Movie Marathon
9                   Family Movie Night
10                Solo Movie Adventure
11              Art House Cinema Visit
12         Animated Movie Extravaganza
13                Thriller Movie Night
14             Classic Hollywood Films
15                 Romantic Movie Date
16           Movie Premiere Excitement
17    Movie Director Behind the Scenes
18         Movie Ticket Giveaway Event
19          Film Critic Review Session
20       Behind the Scenes Documentary
21             Musical Movie Spectacle
22               Historical Epic Movie
23         Summer Blockbuster Premiere
Name: Concept, dtype: object

###Assistant:
0     You are sitting comfortably on your couch, bro...
1     Upon arriving at the cinema, you are greeted b...
2     Stepping into the cinema hall, you are envelop...
3     Underneath a starry night sky, you unfold your...
4     Immerse yourself in a virtual reality movie ex...
5     Settling into your favorite spot on the sofa, ...
6     Embark on a cinematic adventure at a film fest...
7     Transport yourself to a bygone era as you step...
8     Embark on a sci-fi movie marathon, where futur...
9     Gather the family for a cozy movie night, comp...
10    Embark on a solo movie adventure, selecting a ...
11    Explore the artistic charm of an art house cin...
12    Dive into an animated movie extravaganza, fill...
13    Prepare for an evening of suspense and excitem...
14    Indulge in the timeless charm of classic Holly...
15    Plan a romantic movie date night, complete wit...
16    Feel the excitement of attending a movie premi...
17    Get a glimpse behind the scenes as a movie dir...
18    Join a movie ticket giveaway event, where luck...
19    Participate in a film critic review session, d...
20    Experience the making of a movie with a behind...
21    Immerse yourself in a musical movie spectacle,...
22    Embark on a journey through a historical epic ...
23    Celebrate the arrival of summer with a blockbu...
Name: Description, dtype: object"
Thriller Movie Night,"Prepare for an evening of suspense and excitement with a thriller movie night, featuring gripping plot twists...","###Human:
generate a midjourney prompt for 0               Booking a Movie Ticket
1              Cinema Lobby Experience
2                 Cinema Hall Ambiance
3                  Outdoor Movie Night
4     Virtual Reality Movie Experience
5              Movie Streaming at Home
6            Film Festival Exploration
7                Vintage Movie Theater
8                Sci-Fi Movie Marathon
9                   Family Movie Night
10                Solo Movie Adventure
11              Art House Cinema Visit
12         Animated Movie Extravaganza
13                Thriller Movie Night
14             Classic Hollywood Films
15                 Romantic Movie Date
16           Movie Premiere Excitement
17    Movie Director Behind the Scenes
18         Movie Ticket Giveaway Event
19          Film Critic Review Session
20       Behind the Scenes Documentary
21             Musical Movie Spectacle
22               Historical Epic Movie
23         Summer Blockbuster Premiere
Name: Concept, dtype: object

###Assistant:
0     You are sitting comfortably on your couch, bro...
1     Upon arriving at the cinema, you are greeted b...
2     Stepping into the cinema hall, you are envelop...
3     Underneath a starry night sky, you unfold your...
4     Immerse yourself in a virtual reality movie ex...
5     Settling into your favorite spot on the sofa, ...
6     Embark on a cinematic adventure at a film fest...
7     Transport yourself to a bygone era as you step...
8     Embark on a sci-fi movie marathon, where futur...
9     Gather the family for a cozy movie night, comp...
10    Embark on a solo movie adventure, selecting a ...
11    Explore the artistic charm of an art house cin...
12    Dive into an animated movie extravaganza, fill...
13    Prepare for an evening of suspense and excitem...
14    Indulge in the timeless charm of classic Holly...
15    Plan a romantic movie date night, complete wit...
16    Feel the excitement of attending a movie premi...
17    Get a glimpse behind the scenes as a movie dir...
18    Join a movie ticket giveaway event, where luck...
19    Participate in a film critic review session, d...
20    Experience the making of a movie with a behind...
21    Immerse yourself in a musical movie spectacle,...
22    Embark on a journey through a historical epic ...
23    Celebrate the arrival of summer with a blockbu...
Name: Description, dtype: object"
Classic Hollywood Films,"Indulge in the timeless charm of classic Hollywood films, featuring iconic actors and cinematic masterpieces...","###Human:
generate a midjourney prompt for 0               Booking a Movie Ticket
1              Cinema Lobby Experience
2                 Cinema Hall Ambiance
3                  Outdoor Movie Night
4     Virtual Reality Movie Experience
5              Movie Streaming at Home
6            Film Festival Exploration
7                Vintage Movie Theater
8                Sci-Fi Movie Marathon
9                   Family Movie Night
10                Solo Movie Adventure
11              Art House Cinema Visit
12         Animated Movie Extravaganza
13                Thriller Movie Night
14             Classic Hollywood Films
15                 Romantic Movie Date
16           Movie Premiere Excitement
17    Movie Director Behind the Scenes
18         Movie Ticket Giveaway Event
19          Film Critic Review Session
20       Behind the Scenes Documentary
21             Musical Movie Spectacle
22               Historical Epic Movie
23         Summer Blockbuster Premiere
Name: Concept, dtype: object

###Assistant:
0     You are sitting comfortably on your couch, bro...
1     Upon arriving at the cinema, you are greeted b...
2     Stepping into the cinema hall, you are envelop...
3     Underneath a starry night sky, you unfold your...
4     Immerse yourself in a virtual reality movie ex...
5     Settling into your favorite spot on the sofa, ...
6     Embark on a cinematic adventure at a film fest...
7     Transport yourself to a bygone era as you step...
8     Embark on a sci-fi movie marathon, where futur...
9     Gather the family for a cozy movie night, comp...
10    Embark on a solo movie adventure, selecting a ...
11    Explore the artistic charm of an art house cin...
12    Dive into an animated movie extravaganza, fill...
13    Prepare for an evening of suspense and excitem...
14    Indulge in the timeless charm of classic Holly...
15    Plan a romantic movie date night, complete wit...
16    Feel the excitement of attending a movie premi...
17    Get a glimpse behind the scenes as a movie dir...
18    Join a movie ticket giveaway event, where luck...
19    Participate in a film critic review session, d...
20    Experience the making of a movie with a behind...
21    Immerse yourself in a musical movie spectacle,...
22    Embark on a journey through a historical epic ...
23    Celebrate the arrival of summer with a blockbu...
Name: Description, dtype: object"
Romantic Movie Date,"Plan a romantic movie date night, complete with a candlelit setting, comfortable seating, and a romantic film selection...","###Human:
generate a midjourney prompt for 0               Booking a Movie Ticket
1              Cinema Lobby Experience
2                 Cinema Hall Ambiance
3                  Outdoor Movie Night
4     Virtual Reality Movie Experience
5              Movie Streaming at Home
6            Film Festival Exploration
7                Vintage Movie Theater
8                Sci-Fi Movie Marathon
9                   Family Movie Night
10                Solo Movie Adventure
11              Art House Cinema Visit
12         Animated Movie Extravaganza
13                Thriller Movie Night
14             Classic Hollywood Films
15                 Romantic Movie Date
16           Movie Premiere Excitement
17    Movie Director Behind the Scenes
18         Movie Ticket Giveaway Event
19          Film Critic Review Session
20       Behind the Scenes Documentary
21             Musical Movie Spectacle
22               Historical Epic Movie
23         Summer Blockbuster Premiere
Name: Concept, dtype: object

###Assistant:
0     You are sitting comfortably on your couch, bro...
1     Upon arriving at the cinema, you are greeted b...
2     Stepping into the cinema hall, you are envelop...
3     Underneath a starry night sky, you unfold your...
4     Immerse yourself in a virtual reality movie ex...
5     Settling into your favorite spot on the sofa, ...
6     Embark on a cinematic adventure at a film fest...
7     Transport yourself to a bygone era as you step...
8     Embark on a sci-fi movie marathon, where futur...
9     Gather the family for a cozy movie night, comp...
10    Embark on a solo movie adventure, selecting a ...
11    Explore the artistic charm of an art house cin...
12    Dive into an animated movie extravaganza, fill...
13    Prepare for an evening of suspense and excitem...
14    Indulge in the timeless charm of classic Holly...
15    Plan a romantic movie date night, complete wit...
16    Feel the excitement of attending a movie premi...
17    Get a glimpse behind the scenes as a movie dir...
18    Join a movie ticket giveaway event, where luck...
19    Participate in a film critic review session, d...
20    Experience the making of a movie with a behind...
21    Immerse yourself in a musical movie spectacle,...
22    Embark on a journey through a historical epic ...
23    Celebrate the arrival of summer with a blockbu...
Name: Description, dtype: object"
Movie Premiere Excitement,"Feel the excitement of attending a movie premiere, where the red carpet is rolled out, and stars grace the event...","###Human:
generate a midjourney prompt for 0               Booking a Movie Ticket
1              Cinema Lobby Experience
2                 Cinema Hall Ambiance
3                  Outdoor Movie Night
4     Virtual Reality Movie Experience
5              Movie Streaming at Home
6            Film Festival Exploration
7                Vintage Movie Theater
8                Sci-Fi Movie Marathon
9                   Family Movie Night
10                Solo Movie Adventure
11              Art House Cinema Visit
12         Animated Movie Extravaganza
13                Thriller Movie Night
14             Classic Hollywood Films
15                 Romantic Movie Date
16           Movie Premiere Excitement
17    Movie Director Behind the Scenes
18         Movie Ticket Giveaway Event
19          Film Critic Review Session
20       Behind the Scenes Documentary
21             Musical Movie Spectacle
22               Historical Epic Movie
23         Summer Blockbuster Premiere
Name: Concept, dtype: object

###Assistant:
0     You are sitting comfortably on your couch, bro...
1     Upon arriving at the cinema, you are greeted b...
2     Stepping into the cinema hall, you are envelop...
3     Underneath a starry night sky, you unfold your...
4     Immerse yourself in a virtual reality movie ex...
5     Settling into your favorite spot on the sofa, ...
6     Embark on a cinematic adventure at a film fest...
7     Transport yourself to a bygone era as you step...
8     Embark on a sci-fi movie marathon, where futur...
9     Gather the family for a cozy movie night, comp...
10    Embark on a solo movie adventure, selecting a ...
11    Explore the artistic charm of an art house cin...
12    Dive into an animated movie extravaganza, fill...
13    Prepare for an evening of suspense and excitem...
14    Indulge in the timeless charm of classic Holly...
15    Plan a romantic movie date night, complete wit...
16    Feel the excitement of attending a movie premi...
17    Get a glimpse behind the scenes as a movie dir...
18    Join a movie ticket giveaway event, where luck...
19    Participate in a film critic review session, d...
20    Experience the making of a movie with a behind...
21    Immerse yourself in a musical movie spectacle,...
22    Embark on a journey through a historical epic ...
23    Celebrate the arrival of summer with a blockbu...
Name: Description, dtype: object"
Movie Director Behind the Scenes,"Get a glimpse behind the scenes as a movie director brings a cinematic vision to life, orchestrating every detail...","###Human:
generate a midjourney prompt for 0               Booking a Movie Ticket
1              Cinema Lobby Experience
2                 Cinema Hall Ambiance
3                  Outdoor Movie Night
4     Virtual Reality Movie Experience
5              Movie Streaming at Home
6            Film Festival Exploration
7                Vintage Movie Theater
8                Sci-Fi Movie Marathon
9                   Family Movie Night
10                Solo Movie Adventure
11              Art House Cinema Visit
12         Animated Movie Extravaganza
13                Thriller Movie Night
14             Classic Hollywood Films
15                 Romantic Movie Date
16           Movie Premiere Excitement
17    Movie Director Behind the Scenes
18         Movie Ticket Giveaway Event
19          Film Critic Review Session
20       Behind the Scenes Documentary
21             Musical Movie Spectacle
22               Historical Epic Movie
23         Summer Blockbuster Premiere
Name: Concept, dtype: object

###Assistant:
0     You are sitting comfortably on your couch, bro...
1     Upon arriving at the cinema, you are greeted b...
2     Stepping into the cinema hall, you are envelop...
3     Underneath a starry night sky, you unfold your...
4     Immerse yourself in a virtual reality movie ex...
5     Settling into your favorite spot on the sofa, ...
6     Embark on a cinematic adventure at a film fest...
7     Transport yourself to a bygone era as you step...
8     Embark on a sci-fi movie marathon, where futur...
9     Gather the family for a cozy movie night, comp...
10    Embark on a solo movie adventure, selecting a ...
11    Explore the artistic charm of an art house cin...
12    Dive into an animated movie extravaganza, fill...
13    Prepare for an evening of suspense and excitem...
14    Indulge in the timeless charm of classic Holly...
15    Plan a romantic movie date night, complete wit...
16    Feel the excitement of attending a movie premi...
17    Get a glimpse behind the scenes as a movie dir...
18    Join a movie ticket giveaway event, where luck...
19    Participate in a film critic review session, d...
20    Experience the making of a movie with a behind...
21    Immerse yourself in a musical movie spectacle,...
22    Embark on a journey through a historical epic ...
23    Celebrate the arrival of summer with a blockbu...
Name: Description, dtype: object"
Movie Ticket Giveaway Event,"Join a movie ticket giveaway event, where lucky winners receive exclusive passes to the latest blockbuster...","###Human:
generate a midjourney prompt for 0               Booking a Movie Ticket
1              Cinema Lobby Experience
2                 Cinema Hall Ambiance
3                  Outdoor Movie Night
4     Virtual Reality Movie Experience
5              Movie Streaming at Home
6            Film Festival Exploration
7                Vintage Movie Theater
8                Sci-Fi Movie Marathon
9                   Family Movie Night
10                Solo Movie Adventure
11              Art House Cinema Visit
12         Animated Movie Extravaganza
13                Thriller Movie Night
14             Classic Hollywood Films
15                 Romantic Movie Date
16           Movie Premiere Excitement
17    Movie Director Behind the Scenes
18         Movie Ticket Giveaway Event
19          Film Critic Review Session
20       Behind the Scenes Documentary
21             Musical Movie Spectacle
22               Historical Epic Movie
23         Summer Blockbuster Premiere
Name: Concept, dtype: object

###Assistant:
0     You are sitting comfortably on your couch, bro...
1     Upon arriving at the cinema, you are greeted b...
2     Stepping into the cinema hall, you are envelop...
3     Underneath a starry night sky, you unfold your...
4     Immerse yourself in a virtual reality movie ex...
5     Settling into your favorite spot on the sofa, ...
6     Embark on a cinematic adventure at a film fest...
7     Transport yourself to a bygone era as you step...
8     Embark on a sci-fi movie marathon, where futur...
9     Gather the family for a cozy movie night, comp...
10    Embark on a solo movie adventure, selecting a ...
11    Explore the artistic charm of an art house cin...
12    Dive into an animated movie extravaganza, fill...
13    Prepare for an evening of suspense and excitem...
14    Indulge in the timeless charm of classic Holly...
15    Plan a romantic movie date night, complete wit...
16    Feel the excitement of attending a movie premi...
17    Get a glimpse behind the scenes as a movie dir...
18    Join a movie ticket giveaway event, where luck...
19    Participate in a film critic review session, d...
20    Experience the making of a movie with a behind...
21    Immerse yourself in a musical movie spectacle,...
22    Embark on a journey through a historical epic ...
23    Celebrate the arrival of summer with a blockbu...
Name: Description, dtype: object"
Film Critic Review Session,"Participate in a film critic review session, discussing the nuances of storytelling, cinematography, and performances...","###Human:
generate a midjourney prompt for 0               Booking a Movie Ticket
1              Cinema Lobby Experience
2                 Cinema Hall Ambiance
3                  Outdoor Movie Night
4     Virtual Reality Movie Experience
5              Movie Streaming at Home
6            Film Festival Exploration
7                Vintage Movie Theater
8                Sci-Fi Movie Marathon
9                   Family Movie Night
10                Solo Movie Adventure
11              Art House Cinema Visit
12         Animated Movie Extravaganza
13                Thriller Movie Night
14             Classic Hollywood Films
15                 Romantic Movie Date
16           Movie Premiere Excitement
17    Movie Director Behind the Scenes
18         Movie Ticket Giveaway Event
19          Film Critic Review Session
20       Behind the Scenes Documentary
21             Musical Movie Spectacle
22               Historical Epic Movie
23         Summer Blockbuster Premiere
Name: Concept, dtype: object

###Assistant:
0     You are sitting comfortably on your couch, bro...
1     Upon arriving at the cinema, you are greeted b...
2     Stepping into the cinema hall, you are envelop...
3     Underneath a starry night sky, you unfold your...
4     Immerse yourself in a virtual reality movie ex...
5     Settling into your favorite spot on the sofa, ...
6     Embark on a cinematic adventure at a film fest...
7     Transport yourself to a bygone era as you step...
8     Embark on a sci-fi movie marathon, where futur...
9     Gather the family for a cozy movie night, comp...
10    Embark on a solo movie adventure, selecting a ...
11    Explore the artistic charm of an art house cin...
12    Dive into an animated movie extravaganza, fill...
13    Prepare for an evening of suspense and excitem...
14    Indulge in the timeless charm of classic Holly...
15    Plan a romantic movie date night, complete wit...
16    Feel the excitement of attending a movie premi...
17    Get a glimpse behind the scenes as a movie dir...
18    Join a movie ticket giveaway event, where luck...
19    Participate in a film critic review session, d...
20    Experience the making of a movie with a behind...
21    Immerse yourself in a musical movie spectacle,...
22    Embark on a journey through a historical epic ...
23    Celebrate the arrival of summer with a blockbu...
Name: Description, dtype: object"
Behind the Scenes Documentary,"Experience the making of a movie with a behind-the-scenes documentary, revealing the challenges and triumphs of filmmaking...","###Human:
generate a midjourney prompt for 0               Booking a Movie Ticket
1              Cinema Lobby Experience
2                 Cinema Hall Ambiance
3                  Outdoor Movie Night
4     Virtual Reality Movie Experience
5              Movie Streaming at Home
6            Film Festival Exploration
7                Vintage Movie Theater
8                Sci-Fi Movie Marathon
9                   Family Movie Night
10                Solo Movie Adventure
11              Art House Cinema Visit
12         Animated Movie Extravaganza
13                Thriller Movie Night
14             Classic Hollywood Films
15                 Romantic Movie Date
16           Movie Premiere Excitement
17    Movie Director Behind the Scenes
18         Movie Ticket Giveaway Event
19          Film Critic Review Session
20       Behind the Scenes Documentary
21             Musical Movie Spectacle
22               Historical Epic Movie
23         Summer Blockbuster Premiere
Name: Concept, dtype: object

###Assistant:
0     You are sitting comfortably on your couch, bro...
1     Upon arriving at the cinema, you are greeted b...
2     Stepping into the cinema hall, you are envelop...
3     Underneath a starry night sky, you unfold your...
4     Immerse yourself in a virtual reality movie ex...
5     Settling into your favorite spot on the sofa, ...
6     Embark on a cinematic adventure at a film fest...
7     Transport yourself to a bygone era as you step...
8     Embark on a sci-fi movie marathon, where futur...
9     Gather the family for a cozy movie night, comp...
10    Embark on a solo movie adventure, selecting a ...
11    Explore the artistic charm of an art house cin...
12    Dive into an animated movie extravaganza, fill...
13    Prepare for an evening of suspense and excitem...
14    Indulge in the timeless charm of classic Holly...
15    Plan a romantic movie date night, complete wit...
16    Feel the excitement of attending a movie premi...
17    Get a glimpse behind the scenes as a movie dir...
18    Join a movie ticket giveaway event, where luck...
19    Participate in a film critic review session, d...
20    Experience the making of a movie with a behind...
21    Immerse yourself in a musical movie spectacle,...
22    Embark on a journey through a historical epic ...
23    Celebrate the arrival of summer with a blockbu...
Name: Description, dtype: object"
Musical Movie Spectacle,"Immerse yourself in a musical movie spectacle, where song and dance elevate the cinematic experience...","###Human:
generate a midjourney prompt for 0               Booking a Movie Ticket
1              Cinema Lobby Experience
2                 Cinema Hall Ambiance
3                  Outdoor Movie Night
4     Virtual Reality Movie Experience
5              Movie Streaming at Home
6            Film Festival Exploration
7                Vintage Movie Theater
8                Sci-Fi Movie Marathon
9                   Family Movie Night
10                Solo Movie Adventure
11              Art House Cinema Visit
12         Animated Movie Extravaganza
13                Thriller Movie Night
14             Classic Hollywood Films
15                 Romantic Movie Date
16           Movie Premiere Excitement
17    Movie Director Behind the Scenes
18         Movie Ticket Giveaway Event
19          Film Critic Review Session
20       Behind the Scenes Documentary
21             Musical Movie Spectacle
22               Historical Epic Movie
23         Summer Blockbuster Premiere
Name: Concept, dtype: object

###Assistant:
0     You are sitting comfortably on your couch, bro...
1     Upon arriving at the cinema, you are greeted b...
2     Stepping into the cinema hall, you are envelop...
3     Underneath a starry night sky, you unfold your...
4     Immerse yourself in a virtual reality movie ex...
5     Settling into your favorite spot on the sofa, ...
6     Embark on a cinematic adventure at a film fest...
7     Transport yourself to a bygone era as you step...
8     Embark on a sci-fi movie marathon, where futur...
9     Gather the family for a cozy movie night, comp...
10    Embark on a solo movie adventure, selecting a ...
11    Explore the artistic charm of an art house cin...
12    Dive into an animated movie extravaganza, fill...
13    Prepare for an evening of suspense and excitem...
14    Indulge in the timeless charm of classic Holly...
15    Plan a romantic movie date night, complete wit...
16    Feel the excitement of attending a movie premi...
17    Get a glimpse behind the scenes as a movie dir...
18    Join a movie ticket giveaway event, where luck...
19    Participate in a film critic review session, d...
20    Experience the making of a movie with a behind...
21    Immerse yourself in a musical movie spectacle,...
22    Embark on a journey through a historical epic ...
23    Celebrate the arrival of summer with a blockbu...
Name: Description, dtype: object"
Historical Epic Movie,"Embark on a journey through a historical epic movie, featuring grand landscapes, epic battles, and timeless stories...","###Human:
generate a midjourney prompt for 0               Booking a Movie Ticket
1              Cinema Lobby Experience
2                 Cinema Hall Ambiance
3                  Outdoor Movie Night
4     Virtual Reality Movie Experience
5              Movie Streaming at Home
6            Film Festival Exploration
7                Vintage Movie Theater
8                Sci-Fi Movie Marathon
9                   Family Movie Night
10                Solo Movie Adventure
11              Art House Cinema Visit
12         Animated Movie Extravaganza
13                Thriller Movie Night
14             Classic Hollywood Films
15                 Romantic Movie Date
16           Movie Premiere Excitement
17    Movie Director Behind the Scenes
18         Movie Ticket Giveaway Event
19          Film Critic Review Session
20       Behind the Scenes Documentary
21             Musical Movie Spectacle
22               Historical Epic Movie
23         Summer Blockbuster Premiere
Name: Concept, dtype: object

###Assistant:
0     You are sitting comfortably on your couch, bro...
1     Upon arriving at the cinema, you are greeted b...
2     Stepping into the cinema hall, you are envelop...
3     Underneath a starry night sky, you unfold your...
4     Immerse yourself in a virtual reality movie ex...
5     Settling into your favorite spot on the sofa, ...
6     Embark on a cinematic adventure at a film fest...
7     Transport yourself to a bygone era as you step...
8     Embark on a sci-fi movie marathon, where futur...
9     Gather the family for a cozy movie night, comp...
10    Embark on a solo movie adventure, selecting a ...
11    Explore the artistic charm of an art house cin...
12    Dive into an animated movie extravaganza, fill...
13    Prepare for an evening of suspense and excitem...
14    Indulge in the timeless charm of classic Holly...
15    Plan a romantic movie date night, complete wit...
16    Feel the excitement of attending a movie premi...
17    Get a glimpse behind the scenes as a movie dir...
18    Join a movie ticket giveaway event, where luck...
19    Participate in a film critic review session, d...
20    Experience the making of a movie with a behind...
21    Immerse yourself in a musical movie spectacle,...
22    Embark on a journey through a historical epic ...
23    Celebrate the arrival of summer with a blockbu...
Name: Description, dtype: object"
Summer Blockbuster Premiere,"Celebrate the arrival of summer with a blockbuster premiere, where high-energy films captivate audiences...","###Human:
generate a midjourney prompt for 0               Booking a Movie Ticket
1              Cinema Lobby Experience
2                 Cinema Hall Ambiance
3                  Outdoor Movie Night
4     Virtual Reality Movie Experience
5              Movie Streaming at Home
6            Film Festival Exploration
7                Vintage Movie Theater
8                Sci-Fi Movie Marathon
9                   Family Movie Night
10                Solo Movie Adventure
11              Art House Cinema Visit
12         Animated Movie Extravaganza
13                Thriller Movie Night
14             Classic Hollywood Films
15                 Romantic Movie Date
16           Movie Premiere Excitement
17    Movie Director Behind the Scenes
18         Movie Ticket Giveaway Event
19          Film Critic Review Session
20       Behind the Scenes Documentary
21             Musical Movie Spectacle
22               Historical Epic Movie
23         Summer Blockbuster Premiere
Name: Concept, dtype: object

###Assistant:
0     You are sitting comfortably on your couch, bro...
1     Upon arriving at the cinema, you are greeted b...
2     Stepping into the cinema hall, you are envelop...
3     Underneath a starry night sky, you unfold your...
4     Immerse yourself in a virtual reality movie ex...
5     Settling into your favorite spot on the sofa, ...
6     Embark on a cinematic adventure at a film fest...
7     Transport yourself to a bygone era as you step...
8     Embark on a sci-fi movie marathon, where futur...
9     Gather the family for a cozy movie night, comp...
10    Embark on a solo movie adventure, selecting a ...
11    Explore the artistic charm of an art house cin...
12    Dive into an animated movie extravaganza, fill...
13    Prepare for an evening of suspense and excitem...
14    Indulge in the timeless charm of classic Holly...
15    Plan a romantic movie date night, complete wit...
16    Feel the excitement of attending a movie premi...
17    Get a glimpse behind the scenes as a movie dir...
18    Join a movie ticket giveaway event, where luck...
19    Participate in a film critic review session, d...
20    Experience the making of a movie with a behind...
21    Immerse yourself in a musical movie spectacle,...
22    Embark on a journey through a historical epic ...
23    Celebrate the arrival of summer with a blockbu...
Name: Description, dtype: object"
